{
  "project_info": {
    "project_number": "757323076085",
    "project_id": "todolist-8acad",
    "storage_bucket": "todolist-8acad.firebasestorage.app"
  },
  "client": [
    {
      "client_info": {
        "mobilesdk_app_id": "1:757323076085:android:23180b17e9d24f462b10bc",
        "android_client_info": {
          "package_name": "com.example.latihanppb1"
        }
      },
      "oauth_client": [],
      "api_key": [
        {
          "current_key": "AIzaSyAmTZq4QdsRVi-f5Z3hzLBWgNWEE7dl3eA"
        }
      ],
      "services": {
        "appinvite_service": {
          "other_platform_oauth_client": []
        }
      }
    }
  ],
  "configuration_version": "1"
}